{"2J48uoXIZJIEqWRlDfh+Bg==":"mbr-1920x1281.jpg","aK9n3OXOMs2iGYqe9ej1pA==":"mbr-121x118.png","+/1NDXag2YOaBToI4JCMvA==":"mbr-1920x1826.png","2DWrc2l7bHrIiU4kGgKykA==":"mbr-1920x1280.jpg","LL5g9DLkMNAozXJ8mowGEw==":"mbr-815x543.png","TyjncHke42ssr9aswFSP9Q==":"mbr-815x815.png","xAKGeiY6XpsU0zhcwnIbnQ==":"mbr-815x458.jpg","Il8PSTx6dAq0+zRgfqspzw==":"mbr-815x563.jpg","32/FPJf3LHZw/9mj5mIUfg==":"mbr-1-1920x1280.jpg","RQ55pkmfeVqdkhIDHPg5jA==":"mbr-1920x1342.jpg","Z5UhsJqwC/yHshOQAMFwcQ==":"mbr-694x463.jpg","MnUxXPx1kbL09VvOlHaBuQ==":"mbr-1-694x463.jpg","qiPtYp0NjT5pNuh0a2zxCA==":"mbr-694x476.jpg","P3k6i//1X/o4r9lGnurrUA==":"mbr-694x460.jpg","hnCKORtLVXxttn3uoeXdGw==":"txstlogo-124x124.png","zdrjw+GkU18xOVbVP+A62w==":"applied_arts-300x168.png","EC0KO4My6FXDe0ajRyfCtg==":"applied_arts-1-300x168.png","3peA+BQwgG50l6xlpIEY7A==":"applied_arts-2-300x168.png","xS0A0IXUtPrOdCdE8HgL9Q==":"fine_arts-225x225.png","HZ9WqhPMUFhAdJX2keXu+Q==":"engineering-293x172.png","KZwsTCZ9Ji7axD/5f16O5A==":"education-373x135.png","Y1CAIlmViTNs+akFFX0KQQ==":"music-225x225.png","wAiPQv+8wcME8skyjL5lWA==":"cs-436x115.png","CG1Q9yf4cyPE97iTJ4Y1zQ==":"cs-1-436x115.png","INWL+7kJLuRO3zHQ8E0tWA==":"mccoy-420x120.png","CfLDn/4sl77khrXO2/tRhw==":"me-600x570.jpg","VZFS+dNmOBY0YXbcu8IkmQ==":"mbr-2-1920x1280.jpg","pIqAc7pkLvhyvP6V3j0xkg==":"mbr-400x400.jpg","5kIAGBzhjNm3DONHQ27oSg==":"me-815x774.jpeg","2wYX1P4sl+inLjWriGF8DQ==":"mbr-1920x1271.jpg","UjiLNzmt8917jdXLBX58aw==":"mbr-815x576.jpg","BkOklveLXv2tyvIgDK/Wpw==":"mbr-815x543.jpg","2rMbsm2gCY9jukqCT3IgVQ==":"mbr-815x545.jpg","aU8QzBK6AF8AkK1lRV1hqA==":"mbr-3-1920x1280.jpg","NjHjWCobK5Dsu3zZcF66NA==":"mbr-4-1920x1280.jpg","mYrbhAp7TtXi7dWzjyrv0g==":"me-883x839.jpeg","cqesSQiwOs15B/EV2ZNXDw==":"mbr-883x883.jpg","bQkERfwaP5KVOI/eoHteGQ==":"mbr-1920x1200.jpg","GqjwBUGVkoJR59En3/FZeA==":"mbr-1920x1156.jpg","DmYTMLZlqjp17y2jSZVL9Q==":"mbr-5-1920x1280.jpg","U40xJZyUw8mPJOxl6Fnr+A==":"health-394x66.png","hnhxr4hkVjaTfhDSPm4ocw==":"mbr-883x723.jpg","kfFr1ZsH9PEz2Shi4t5VPg==":"mbr-883x880.png","HALhS4HkHGpD+SmXyLu1mQ==":"mbr-883x497.jpg","C2XouKOgpS2Yu+6DF7t9IA==":"mbr-883x883.png","PIkZwtJU+XkN7bxvBrtXBw==":"shefalika-883x883.jpg","ayVbldKIvK0A1XZMoFXxzQ==":"me-1-883x839.jpeg","ebJEHTcjUrJ1MQj/vKzKPQ==":"mbr-6-1920x1280.jpg","vnv7eBkNWDUVrDDwsb67/Q==":"shefalika-600x600.jpeg","83iVM7oU0A7zY3kCKLcxRg==":"shefalika-288x288.jpeg","pIV/gIWlTFLVBu9iBt/Fig==":"shefalika-211x211.jpeg","1Zp7A2qU4aqTicp1XoCDiw==":"shefalika-131x131.jpg"}